Year,Week,Year_Week,Route,Fleet_Type,Actual_Trips,Total_Volume_Tons,Is_Peak_Event
2021,1,2021-W01,HN-HCM,Truck_15T,59,852.9,0
2021,1,2021-W01,HN-HCM,Container_30T,46,1316.2,0
2021,1,2021-W01,HCM-HN,Truck_15T,53,742.2,0
2021,1,2021-W01,HCM-HN,Container_30T,38,1098.9,0
2021,2,2021-W02,HN-HCM,Truck_15T,60,859.1,0
2021,2,2021-W02,HN-HCM,Container_30T,42,1219.5,0
2021,2,2021-W02,HCM-HN,Truck_15T,56,786.1,0
2021,2,2021-W02,HCM-HN,Container_30T,38,1069.3,0
2021,3,2021-W03,HN-HCM,Truck_15T,58,824.4,0
2021,3,2021-W03,HN-HCM,Container_30T,44,1243.5,0
2021,3,2021-W03,HCM-HN,Truck_15T,55,769.7,0
2021,3,2021-W03,HCM-HN,Container_30T,39,1105.6,0
2021,4,2021-W04,HN-HCM,Truck_15T,59,847.4,0
2021,4,2021-W04,HN-HCM,Container_30T,43,1226.2,0
2021,4,2021-W04,HCM-HN,Truck_15T,55,766.8,0
2021,4,2021-W04,HCM-HN,Container_30T,40,1125.0,0
2021,5,2021-W05,HN-HCM,Truck_15T,14,202.4,1
2021,5,2021-W05,HN-HCM,Container_30T,11,317.4,1
2021,5,2021-W05,HCM-HN,Truck_15T,13,181.6,1
2021,5,2021-W05,HCM-HN,Container_30T,10,284.3,1
2021,6,2021-W06,HN-HCM,Truck_15T,14,198.8,1
2021,6,2021-W06,HN-HCM,Container_30T,10,289.7,1
2021,6,2021-W06,HCM-HN,Truck_15T,13,185.8,1
2021,6,2021-W06,HCM-HN,Container_30T,9,256.7,1
2021,7,2021-W07,HN-HCM,Truck_15T,60,841.3,0
2021,7,2021-W07,HN-HCM,Container_30T,47,1354.2,0
2021,7,2021-W07,HCM-HN,Truck_15T,57,822.2,0
2021,7,2021-W07,HCM-HN,Container_30T,40,1159.2,0
2021,8,2021-W08,HN-HCM,Truck_15T,57,799.6,0
2021,8,2021-W08,HN-HCM,Container_30T,42,1188.6,0
2021,8,2021-W08,HCM-HN,Truck_15T,54,759.8,0
2021,8,2021-W08,HCM-HN,Container_30T,41,1161.8,0
2021,9,2021-W09,HN-HCM,Truck_15T,58,825.0,0
2021,9,2021-W09,HN-HCM,Container_30T,43,1240.3,0
2021,9,2021-W09,HCM-HN,Truck_15T,52,752.8,0
2021,9,2021-W09,HCM-HN,Container_30T,41,1154.4,0
2021,10,2021-W10,HN-HCM,Truck_15T,57,819.6,0
2021,10,2021-W10,HN-HCM,Container_30T,45,1294.2,0
2021,10,2021-W10,HCM-HN,Truck_15T,56,781.7,0
2021,10,2021-W10,HCM-HN,Container_30T,39,1094.4,0
2021,11,2021-W11,HN-HCM,Truck_15T,62,884.7,0
2021,11,2021-W11,HN-HCM,Container_30T,44,1232.1,0
2021,11,2021-W11,HCM-HN,Truck_15T,53,747.3,0
2021,11,2021-W11,HCM-HN,Container_30T,40,1146.3,0
2021,12,2021-W12,HN-HCM,Truck_15T,62,879.4,0
2021,12,2021-W12,HN-HCM,Container_30T,43,1236.0,0
2021,12,2021-W12,HCM-HN,Truck_15T,56,797.1,0
2021,12,2021-W12,HCM-HN,Container_30T,41,1168.2,0
2021,13,2021-W13,HN-HCM,Truck_15T,60,849.5,0
2021,13,2021-W13,HN-HCM,Container_30T,42,1178.2,0
2021,13,2021-W13,HCM-HN,Truck_15T,52,742.4,0
2021,13,2021-W13,HCM-HN,Container_30T,39,1111.9,0
2021,14,2021-W14,HN-HCM,Truck_15T,62,871.6,0
2021,14,2021-W14,HN-HCM,Container_30T,44,1266.8,0
2021,14,2021-W14,HCM-HN,Truck_15T,53,739.9,0
2021,14,2021-W14,HCM-HN,Container_30T,39,1096.4,0
2021,15,2021-W15,HN-HCM,Truck_15T,62,891.3,0
2021,15,2021-W15,HN-HCM,Container_30T,45,1301.6,0
2021,15,2021-W15,HCM-HN,Truck_15T,56,785.2,0
2021,15,2021-W15,HCM-HN,Container_30T,41,1170.3,0
2021,16,2021-W16,HN-HCM,Truck_15T,61,879.9,0
2021,16,2021-W16,HN-HCM,Container_30T,44,1234.4,0
2021,16,2021-W16,HCM-HN,Truck_15T,53,750.4,0
2021,16,2021-W16,HCM-HN,Container_30T,41,1185.4,0
2021,17,2021-W17,HN-HCM,Truck_15T,57,809.7,0
2021,17,2021-W17,HN-HCM,Container_30T,44,1240.1,0
2021,17,2021-W17,HCM-HN,Truck_15T,52,733.6,0
2021,17,2021-W17,HCM-HN,Container_30T,41,1160.2,0
2021,18,2021-W18,HN-HCM,Truck_15T,63,901.9,0
2021,18,2021-W18,HN-HCM,Container_30T,46,1335.7,0
2021,18,2021-W18,HCM-HN,Truck_15T,83,1166.9,1
2021,18,2021-W18,HCM-HN,Container_30T,57,1611.6,1
2021,19,2021-W19,HN-HCM,Truck_15T,61,850.2,0
2021,19,2021-W19,HN-HCM,Container_30T,47,1339.6,0
2021,19,2021-W19,HCM-HN,Truck_15T,76,1069.6,1
2021,19,2021-W19,HCM-HN,Container_30T,60,1692.2,1
2021,20,2021-W20,HN-HCM,Truck_15T,60,851.6,0
2021,20,2021-W20,HN-HCM,Container_30T,49,1382.1,0
2021,20,2021-W20,HCM-HN,Truck_15T,81,1162.2,1
2021,20,2021-W20,HCM-HN,Container_30T,56,1610.6,1
2021,21,2021-W21,HN-HCM,Truck_15T,62,885.1,0
2021,21,2021-W21,HN-HCM,Container_30T,47,1341.4,0
2021,21,2021-W21,HCM-HN,Truck_15T,76,1093.7,1
2021,21,2021-W21,HCM-HN,Container_30T,56,1576.0,1
2021,22,2021-W22,HN-HCM,Truck_15T,60,855.1,0
2021,22,2021-W22,HN-HCM,Container_30T,48,1341.5,0
2021,22,2021-W22,HCM-HN,Truck_15T,79,1109.5,1
2021,22,2021-W22,HCM-HN,Container_30T,58,1631.5,1
2021,23,2021-W23,HN-HCM,Truck_15T,64,904.7,0
2021,23,2021-W23,HN-HCM,Container_30T,49,1376.3,0
2021,23,2021-W23,HCM-HN,Truck_15T,78,1090.5,1
2021,23,2021-W23,HCM-HN,Container_30T,60,1735.8,1
2021,24,2021-W24,HN-HCM,Truck_15T,61,871.7,0
2021,24,2021-W24,HN-HCM,Container_30T,48,1371.0,0
2021,24,2021-W24,HCM-HN,Truck_15T,79,1110.2,1
2021,24,2021-W24,HCM-HN,Container_30T,55,1592.4,1
2021,25,2021-W25,HN-HCM,Truck_15T,62,885.1,0
2021,25,2021-W25,HN-HCM,Container_30T,44,1246.4,0
2021,25,2021-W25,HCM-HN,Truck_15T,56,807.8,0
2021,25,2021-W25,HCM-HN,Container_30T,41,1181.6,0
2021,26,2021-W26,HN-HCM,Truck_15T,60,837.8,0
2021,26,2021-W26,HN-HCM,Container_30T,43,1245.0,0
2021,26,2021-W26,HCM-HN,Truck_15T,55,765.7,0
2021,26,2021-W26,HCM-HN,Container_30T,38,1090.1,0
2021,27,2021-W27,HN-HCM,Truck_15T,57,798.4,0
2021,27,2021-W27,HN-HCM,Container_30T,45,1292.3,0
2021,27,2021-W27,HCM-HN,Truck_15T,55,772.4,0
2021,27,2021-W27,HCM-HN,Container_30T,40,1128.0,0
2021,28,2021-W28,HN-HCM,Truck_15T,58,831.7,0
2021,28,2021-W28,HN-HCM,Container_30T,45,1300.4,0
2021,28,2021-W28,HCM-HN,Truck_15T,55,783.1,0
2021,28,2021-W28,HCM-HN,Container_30T,38,1077.3,0
2021,29,2021-W29,HN-HCM,Truck_15T,58,815.2,0
2021,29,2021-W29,HN-HCM,Container_30T,47,1333.8,0
2021,29,2021-W29,HCM-HN,Truck_15T,57,813.6,0
2021,29,2021-W29,HCM-HN,Container_30T,41,1168.6,0
2021,30,2021-W30,HN-HCM,Truck_15T,60,851.7,0
2021,30,2021-W30,HN-HCM,Container_30T,43,1236.4,0
2021,30,2021-W30,HCM-HN,Truck_15T,53,738.3,0
2021,30,2021-W30,HCM-HN,Container_30T,40,1125.3,0
2021,31,2021-W31,HN-HCM,Truck_15T,62,896.4,0
2021,31,2021-W31,HN-HCM,Container_30T,46,1304.2,0
2021,31,2021-W31,HCM-HN,Truck_15T,52,751.1,0
2021,31,2021-W31,HCM-HN,Container_30T,39,1132.2,0
2021,32,2021-W32,HN-HCM,Truck_15T,62,892.8,0
2021,32,2021-W32,HN-HCM,Container_30T,44,1248.2,0
2021,32,2021-W32,HCM-HN,Truck_15T,56,789.4,0
2021,32,2021-W32,HCM-HN,Container_30T,38,1085.5,0
2021,33,2021-W33,HN-HCM,Truck_15T,62,887.3,0
2021,33,2021-W33,HN-HCM,Container_30T,45,1261.8,0
2021,33,2021-W33,HCM-HN,Truck_15T,55,796.3,0
2021,33,2021-W33,HCM-HN,Container_30T,38,1083.8,0
2021,34,2021-W34,HN-HCM,Truck_15T,62,888.9,0
2021,34,2021-W34,HN-HCM,Container_30T,45,1292.9,0
2021,34,2021-W34,HCM-HN,Truck_15T,54,760.5,0
2021,34,2021-W34,HCM-HN,Container_30T,41,1183.0,0
2021,35,2021-W35,HN-HCM,Truck_15T,62,895.0,0
2021,35,2021-W35,HN-HCM,Container_30T,45,1282.6,0
2021,35,2021-W35,HCM-HN,Truck_15T,56,800.0,0
2021,35,2021-W35,HCM-HN,Container_30T,40,1153.5,0
2021,36,2021-W36,HN-HCM,Truck_15T,62,874.7,0
2021,36,2021-W36,HN-HCM,Container_30T,44,1233.6,0
2021,36,2021-W36,HCM-HN,Truck_15T,55,766.5,0
2021,36,2021-W36,HCM-HN,Container_30T,39,1113.4,0
2021,37,2021-W37,HN-HCM,Truck_15T,58,826.6,0
2021,37,2021-W37,HN-HCM,Container_30T,42,1174.8,0
2021,37,2021-W37,HCM-HN,Truck_15T,56,790.8,0
2021,37,2021-W37,HCM-HN,Container_30T,38,1084.0,0
2021,38,2021-W38,HN-HCM,Truck_15T,61,856.4,0
2021,38,2021-W38,HN-HCM,Container_30T,45,1261.2,0
2021,38,2021-W38,HCM-HN,Truck_15T,52,739.3,0
2021,38,2021-W38,HCM-HN,Container_30T,40,1146.3,0
2021,39,2021-W39,HN-HCM,Truck_15T,61,882.7,0
2021,39,2021-W39,HN-HCM,Container_30T,45,1273.4,0
2021,39,2021-W39,HCM-HN,Truck_15T,56,787.9,0
2021,39,2021-W39,HCM-HN,Container_30T,39,1092.8,0
2021,40,2021-W40,HN-HCM,Truck_15T,77,1113.6,0
2021,40,2021-W40,HN-HCM,Container_30T,62,1780.9,0
2021,40,2021-W40,HCM-HN,Truck_15T,73,1023.1,0
2021,40,2021-W40,HCM-HN,Container_30T,52,1467.2,0
2021,41,2021-W41,HN-HCM,Truck_15T,81,1160.1,0
2021,41,2021-W41,HN-HCM,Container_30T,61,1723.2,0
2021,41,2021-W41,HCM-HN,Truck_15T,77,1103.8,0
2021,41,2021-W41,HCM-HN,Container_30T,54,1545.9,0
2021,42,2021-W42,HN-HCM,Truck_15T,80,1124.5,0
2021,42,2021-W42,HN-HCM,Container_30T,59,1698.8,0
2021,42,2021-W42,HCM-HN,Truck_15T,70,978.7,0
2021,42,2021-W42,HCM-HN,Container_30T,51,1426.8,0
2021,43,2021-W43,HN-HCM,Truck_15T,83,1188.2,0
2021,43,2021-W43,HN-HCM,Container_30T,60,1682.5,0
2021,43,2021-W43,HCM-HN,Truck_15T,74,1049.7,0
2021,43,2021-W43,HCM-HN,Container_30T,52,1478.1,0
2021,44,2021-W44,HN-HCM,Truck_15T,80,1141.3,0
2021,44,2021-W44,HN-HCM,Container_30T,61,1706.9,0
2021,44,2021-W44,HCM-HN,Truck_15T,73,1041.8,0
2021,44,2021-W44,HCM-HN,Container_30T,54,1560.9,0
2021,45,2021-W45,HN-HCM,Truck_15T,82,1148.7,1
2021,45,2021-W45,HN-HCM,Container_30T,58,1662.4,1
2021,45,2021-W45,HCM-HN,Truck_15T,70,997.4,1
2021,45,2021-W45,HCM-HN,Container_30T,56,1600.8,1
2021,46,2021-W46,HN-HCM,Truck_15T,80,1142.5,1
2021,46,2021-W46,HN-HCM,Container_30T,60,1713.1,1
2021,46,2021-W46,HCM-HN,Truck_15T,77,1088.4,1
2021,46,2021-W46,HCM-HN,Container_30T,56,1621.9,1
2021,47,2021-W47,HN-HCM,Truck_15T,78,1088.5,1
2021,47,2021-W47,HN-HCM,Container_30T,58,1621.1,1
2021,47,2021-W47,HCM-HN,Truck_15T,71,1015.6,1
2021,47,2021-W47,HCM-HN,Container_30T,51,1443.0,1
2021,48,2021-W48,HN-HCM,Truck_15T,83,1156.1,1
2021,48,2021-W48,HN-HCM,Container_30T,62,1751.6,1
2021,48,2021-W48,HCM-HN,Truck_15T,71,1016.1,1
2021,48,2021-W48,HCM-HN,Container_30T,54,1562.2,1
2021,49,2021-W49,HN-HCM,Truck_15T,82,1178.5,1
2021,49,2021-W49,HN-HCM,Container_30T,59,1659.8,1
2021,49,2021-W49,HCM-HN,Truck_15T,76,1092.4,1
2021,49,2021-W49,HCM-HN,Container_30T,56,1590.4,1
2021,50,2021-W50,HN-HCM,Truck_15T,79,1134.2,1
2021,50,2021-W50,HN-HCM,Container_30T,59,1710.5,1
2021,50,2021-W50,HCM-HN,Truck_15T,76,1076.1,1
2021,50,2021-W50,HCM-HN,Container_30T,55,1583.5,1
2021,51,2021-W51,HN-HCM,Truck_15T,77,1111.0,1
2021,51,2021-W51,HN-HCM,Container_30T,60,1732.3,1
2021,51,2021-W51,HCM-HN,Truck_15T,72,1038.6,1
2021,51,2021-W51,HCM-HN,Container_30T,53,1480.9,1
2021,52,2021-W52,HN-HCM,Truck_15T,62,866.0,0
2021,52,2021-W52,HN-HCM,Container_30T,44,1276.6,0
2021,52,2021-W52,HCM-HN,Truck_15T,57,811.8,0
2021,52,2021-W52,HCM-HN,Container_30T,40,1137.6,0
2022,1,2022-W01,HN-HCM,Truck_15T,63,888.5,0
2022,1,2022-W01,HN-HCM,Container_30T,49,1410.6,0
2022,1,2022-W01,HCM-HN,Truck_15T,61,876.2,0
2022,1,2022-W01,HCM-HN,Container_30T,41,1168.2,0
2022,2,2022-W02,HN-HCM,Truck_15T,61,867.9,0
2022,2,2022-W02,HN-HCM,Container_30T,48,1389.2,0
2022,2,2022-W02,HCM-HN,Truck_15T,58,811.0,0
2022,2,2022-W02,HCM-HN,Container_30T,41,1180.7,0
2022,3,2022-W03,HN-HCM,Truck_15T,65,908.3,0
2022,3,2022-W03,HN-HCM,Container_30T,46,1321.5,0
2022,3,2022-W03,HCM-HN,Truck_15T,56,805.4,0
2022,3,2022-W03,HCM-HN,Container_30T,44,1233.0,0
2022,4,2022-W04,HN-HCM,Truck_15T,62,897.5,0
2022,4,2022-W04,HN-HCM,Container_30T,47,1332.6,0
2022,4,2022-W04,HCM-HN,Truck_15T,61,881.7,0
2022,4,2022-W04,HCM-HN,Container_30T,45,1295.5,0
2022,5,2022-W05,HN-HCM,Truck_15T,15,209.5,1
2022,5,2022-W05,HN-HCM,Container_30T,12,342.8,1
2022,5,2022-W05,HCM-HN,Truck_15T,14,202.0,1
2022,5,2022-W05,HCM-HN,Container_30T,10,284.9,1
2022,6,2022-W06,HN-HCM,Truck_15T,61,865.1,0
2022,6,2022-W06,HN-HCM,Container_30T,46,1291.0,0
2022,6,2022-W06,HCM-HN,Truck_15T,57,814.2,0
2022,6,2022-W06,HCM-HN,Container_30T,44,1258.2,0
2022,7,2022-W07,HN-HCM,Truck_15T,67,946.6,0
2022,7,2022-W07,HN-HCM,Container_30T,47,1359.2,0
2022,7,2022-W07,HCM-HN,Truck_15T,57,824.4,0
2022,7,2022-W07,HCM-HN,Container_30T,41,1190.5,0
2022,8,2022-W08,HN-HCM,Truck_15T,61,879.8,0
2022,8,2022-W08,HN-HCM,Container_30T,48,1395.0,0
2022,8,2022-W08,HCM-HN,Truck_15T,56,796.9,0
2022,8,2022-W08,HCM-HN,Container_30T,45,1283.7,0
2022,9,2022-W09,HN-HCM,Truck_15T,65,930.2,0
2022,9,2022-W09,HN-HCM,Container_30T,48,1375.0,0
2022,9,2022-W09,HCM-HN,Truck_15T,59,851.2,0
2022,9,2022-W09,HCM-HN,Container_30T,41,1158.3,0
2022,10,2022-W10,HN-HCM,Truck_15T,67,966.3,0
2022,10,2022-W10,HN-HCM,Container_30T,48,1374.6,0
2022,10,2022-W10,HCM-HN,Truck_15T,58,813.3,0
2022,10,2022-W10,HCM-HN,Container_30T,43,1218.3,0
2022,11,2022-W11,HN-HCM,Truck_15T,65,907.4,0
2022,11,2022-W11,HN-HCM,Container_30T,50,1452.7,0
2022,11,2022-W11,HCM-HN,Truck_15T,60,853.2,0
2022,11,2022-W11,HCM-HN,Container_30T,42,1212.0,0
2022,12,2022-W12,HN-HCM,Truck_15T,65,910.5,0
2022,12,2022-W12,HN-HCM,Container_30T,50,1443.4,0
2022,12,2022-W12,HCM-HN,Truck_15T,62,888.3,0
2022,12,2022-W12,HCM-HN,Container_30T,43,1221.5,0
2022,13,2022-W13,HN-HCM,Truck_15T,67,965.3,0
2022,13,2022-W13,HN-HCM,Container_30T,46,1286.2,0
2022,13,2022-W13,HCM-HN,Truck_15T,58,833.8,0
2022,13,2022-W13,HCM-HN,Container_30T,45,1264.6,0
2022,14,2022-W14,HN-HCM,Truck_15T,65,918.6,0
2022,14,2022-W14,HN-HCM,Container_30T,50,1444.5,0
2022,14,2022-W14,HCM-HN,Truck_15T,61,865.1,0
2022,14,2022-W14,HCM-HN,Container_30T,42,1186.2,0
2022,15,2022-W15,HN-HCM,Truck_15T,61,878.8,0
2022,15,2022-W15,HN-HCM,Container_30T,50,1453.5,0
2022,15,2022-W15,HCM-HN,Truck_15T,62,882.4,0
2022,15,2022-W15,HCM-HN,Container_30T,44,1276.3,0
2022,16,2022-W16,HN-HCM,Truck_15T,67,941.8,0
2022,16,2022-W16,HN-HCM,Container_30T,48,1347.7,0
2022,16,2022-W16,HCM-HN,Truck_15T,62,884.1,0
2022,16,2022-W16,HCM-HN,Container_30T,42,1205.2,0
2022,17,2022-W17,HN-HCM,Truck_15T,65,917.8,0
2022,17,2022-W17,HN-HCM,Container_30T,46,1320.0,0
2022,17,2022-W17,HCM-HN,Truck_15T,59,846.9,0
2022,17,2022-W17,HCM-HN,Container_30T,43,1242.8,0
2022,18,2022-W18,HN-HCM,Truck_15T,68,968.0,0
2022,18,2022-W18,HN-HCM,Container_30T,52,1476.3,0
2022,18,2022-W18,HCM-HN,Truck_15T,82,1142.5,1
2022,18,2022-W18,HCM-HN,Container_30T,64,1832.8,1
2022,19,2022-W19,HN-HCM,Truck_15T,69,968.6,0
2022,19,2022-W19,HN-HCM,Container_30T,49,1369.4,0
2022,19,2022-W19,HCM-HN,Truck_15T,84,1197.1,1
2022,19,2022-W19,HCM-HN,Container_30T,61,1734.2,1
2022,20,2022-W20,HN-HCM,Truck_15T,70,988.0,0
2022,20,2022-W20,HN-HCM,Container_30T,51,1470.0,0
2022,20,2022-W20,HCM-HN,Truck_15T,85,1212.9,1
2022,20,2022-W20,HCM-HN,Container_30T,64,1856.8,1
2022,21,2022-W21,HN-HCM,Truck_15T,65,938.7,0
2022,21,2022-W21,HN-HCM,Container_30T,50,1411.2,0
2022,21,2022-W21,HCM-HN,Truck_15T,85,1230.2,1
2022,21,2022-W21,HCM-HN,Container_30T,62,1754.9,1
2022,22,2022-W22,HN-HCM,Truck_15T,68,955.6,0
2022,22,2022-W22,HN-HCM,Container_30T,48,1347.7,0
2022,22,2022-W22,HCM-HN,Truck_15T,82,1148.2,1
2022,22,2022-W22,HCM-HN,Container_30T,60,1719.6,1
2022,23,2022-W23,HN-HCM,Truck_15T,65,917.3,0
2022,23,2022-W23,HN-HCM,Container_30T,53,1508.9,0
2022,23,2022-W23,HCM-HN,Truck_15T,87,1219.2,1
2022,23,2022-W23,HCM-HN,Container_30T,60,1678.6,1
2022,24,2022-W24,HN-HCM,Truck_15T,65,914.8,0
2022,24,2022-W24,HN-HCM,Container_30T,49,1373.5,0
2022,24,2022-W24,HCM-HN,Truck_15T,82,1162.6,1
2022,24,2022-W24,HCM-HN,Container_30T,60,1700.7,1
2022,25,2022-W25,HN-HCM,Truck_15T,64,915.7,0
2022,25,2022-W25,HN-HCM,Container_30T,46,1326.7,0
2022,25,2022-W25,HCM-HN,Truck_15T,60,837.7,0
2022,25,2022-W25,HCM-HN,Container_30T,44,1275.1,0
2022,26,2022-W26,HN-HCM,Truck_15T,61,858.5,0
2022,26,2022-W26,HN-HCM,Container_30T,50,1439.2,0
2022,26,2022-W26,HCM-HN,Truck_15T,57,800.0,0
2022,26,2022-W26,HCM-HN,Container_30T,42,1196.3,0
2022,27,2022-W27,HN-HCM,Truck_15T,65,918.2,0
2022,27,2022-W27,HN-HCM,Container_30T,48,1381.5,0
2022,27,2022-W27,HCM-HN,Truck_15T,56,787.3,0
2022,27,2022-W27,HCM-HN,Container_30T,44,1273.8,0
2022,28,2022-W28,HN-HCM,Truck_15T,64,910.0,0
2022,28,2022-W28,HN-HCM,Container_30T,46,1308.2,0
2022,28,2022-W28,HCM-HN,Truck_15T,59,829.2,0
2022,28,2022-W28,HCM-HN,Container_30T,42,1191.1,0
2022,29,2022-W29,HN-HCM,Truck_15T,61,860.0,0
2022,29,2022-W29,HN-HCM,Container_30T,47,1330.3,0
2022,29,2022-W29,HCM-HN,Truck_15T,57,822.0,0
2022,29,2022-W29,HCM-HN,Container_30T,43,1234.3,0
2022,30,2022-W30,HN-HCM,Truck_15T,66,937.1,0
2022,30,2022-W30,HN-HCM,Container_30T,46,1312.9,0
2022,30,2022-W30,HCM-HN,Truck_15T,59,846.0,0
2022,30,2022-W30,HCM-HN,Container_30T,42,1179.2,0
2022,31,2022-W31,HN-HCM,Truck_15T,63,889.7,0
2022,31,2022-W31,HN-HCM,Container_30T,49,1400.5,0
2022,31,2022-W31,HCM-HN,Truck_15T,58,839.6,0
2022,31,2022-W31,HCM-HN,Container_30T,43,1212.6,0
2022,32,2022-W32,HN-HCM,Truck_15T,62,868.2,0
2022,32,2022-W32,HN-HCM,Container_30T,47,1321.3,0
2022,32,2022-W32,HCM-HN,Truck_15T,57,802.4,0
2022,32,2022-W32,HCM-HN,Container_30T,41,1187.0,0
2022,33,2022-W33,HN-HCM,Truck_15T,62,881.3,0
2022,33,2022-W33,HN-HCM,Container_30T,48,1394.4,0
2022,33,2022-W33,HCM-HN,Truck_15T,57,806.1,0
2022,33,2022-W33,HCM-HN,Container_30T,45,1301.3,0
2022,34,2022-W34,HN-HCM,Truck_15T,66,928.1,0
2022,34,2022-W34,HN-HCM,Container_30T,47,1348.5,0
2022,34,2022-W34,HCM-HN,Truck_15T,61,868.2,0
2022,34,2022-W34,HCM-HN,Container_30T,43,1214.7,0
2022,35,2022-W35,HN-HCM,Truck_15T,66,925.5,0
2022,35,2022-W35,HN-HCM,Container_30T,47,1335.5,0
2022,35,2022-W35,HCM-HN,Truck_15T,59,829.2,0
2022,35,2022-W35,HCM-HN,Container_30T,41,1173.7,0
2022,36,2022-W36,HN-HCM,Truck_15T,63,897.5,0
2022,36,2022-W36,HN-HCM,Container_30T,46,1310.0,0
2022,36,2022-W36,HCM-HN,Truck_15T,59,822.8,0
2022,36,2022-W36,HCM-HN,Container_30T,42,1179.5,0
2022,37,2022-W37,HN-HCM,Truck_15T,61,883.2,0
2022,37,2022-W37,HN-HCM,Container_30T,47,1356.1,0
2022,37,2022-W37,HCM-HN,Truck_15T,57,815.3,0
2022,37,2022-W37,HCM-HN,Container_30T,44,1258.8,0
2022,38,2022-W38,HN-HCM,Truck_15T,64,905.6,0
2022,38,2022-W38,HN-HCM,Container_30T,47,1362.5,0
2022,38,2022-W38,HCM-HN,Truck_15T,61,882.3,0
2022,38,2022-W38,HCM-HN,Container_30T,41,1179.3,0
2022,39,2022-W39,HN-HCM,Truck_15T,67,939.3,0
2022,39,2022-W39,HN-HCM,Container_30T,46,1323.6,0
2022,39,2022-W39,HCM-HN,Truck_15T,59,849.3,0
2022,39,2022-W39,HCM-HN,Container_30T,41,1182.3,0
2022,40,2022-W40,HN-HCM,Truck_15T,84,1176.8,0
2022,40,2022-W40,HN-HCM,Container_30T,63,1818.1,0
2022,40,2022-W40,HCM-HN,Truck_15T,81,1151.3,0
2022,40,2022-W40,HCM-HN,Container_30T,57,1649.0,0
2022,41,2022-W41,HN-HCM,Truck_15T,86,1236.7,0
2022,41,2022-W41,HN-HCM,Container_30T,65,1843.4,0
2022,41,2022-W41,HCM-HN,Truck_15T,79,1112.9,0
2022,41,2022-W41,HCM-HN,Container_30T,59,1681.7,0
2022,42,2022-W42,HN-HCM,Truck_15T,85,1226.3,0
2022,42,2022-W42,HN-HCM,Container_30T,64,1827.2,0
2022,42,2022-W42,HCM-HN,Truck_15T,83,1184.5,0
2022,42,2022-W42,HCM-HN,Container_30T,56,1624.1,0
2022,43,2022-W43,HN-HCM,Truck_15T,88,1241.3,0
2022,43,2022-W43,HN-HCM,Container_30T,63,1816.6,0
2022,43,2022-W43,HCM-HN,Truck_15T,81,1151.7,0
2022,43,2022-W43,HCM-HN,Container_30T,60,1729.7,0
2022,44,2022-W44,HN-HCM,Truck_15T,84,1183.8,0
2022,44,2022-W44,HN-HCM,Container_30T,63,1813.0,0
2022,44,2022-W44,HCM-HN,Truck_15T,76,1082.2,0
2022,44,2022-W44,HCM-HN,Container_30T,59,1706.8,0
2022,45,2022-W45,HN-HCM,Truck_15T,86,1236.9,1
2022,45,2022-W45,HN-HCM,Container_30T,63,1820.4,1
2022,45,2022-W45,HCM-HN,Truck_15T,77,1088.9,1
2022,45,2022-W45,HCM-HN,Container_30T,60,1686.1,1
2022,46,2022-W46,HN-HCM,Truck_15T,85,1217.7,1
2022,46,2022-W46,HN-HCM,Container_30T,67,1920.3,1
2022,46,2022-W46,HCM-HN,Truck_15T,81,1152.2,1
2022,46,2022-W46,HCM-HN,Container_30T,56,1586.1,1
2022,47,2022-W47,HN-HCM,Truck_15T,84,1212.3,1
2022,47,2022-W47,HN-HCM,Container_30T,66,1873.5,1
2022,47,2022-W47,HCM-HN,Truck_15T,79,1141.9,1
2022,47,2022-W47,HCM-HN,Container_30T,56,1601.5,1
2022,48,2022-W48,HN-HCM,Truck_15T,87,1240.9,1
2022,48,2022-W48,HN-HCM,Container_30T,62,1793.3,1
2022,48,2022-W48,HCM-HN,Truck_15T,83,1181.7,1
2022,48,2022-W48,HCM-HN,Container_30T,59,1709.9,1
2022,49,2022-W49,HN-HCM,Truck_15T,89,1246.2,1
2022,49,2022-W49,HN-HCM,Container_30T,66,1889.0,1
2022,49,2022-W49,HCM-HN,Truck_15T,79,1132.4,1
2022,49,2022-W49,HCM-HN,Container_30T,60,1739.1,1
2022,50,2022-W50,HN-HCM,Truck_15T,87,1216.3,1
2022,50,2022-W50,HN-HCM,Container_30T,68,1964.3,1
2022,50,2022-W50,HCM-HN,Truck_15T,77,1111.8,1
2022,50,2022-W50,HCM-HN,Container_30T,60,1711.3,1
2022,51,2022-W51,HN-HCM,Truck_15T,88,1244.6,1
2022,51,2022-W51,HN-HCM,Container_30T,62,1755.4,1
2022,51,2022-W51,HCM-HN,Truck_15T,82,1141.3,1
2022,51,2022-W51,HCM-HN,Container_30T,57,1617.9,1
2022,52,2022-W52,HN-HCM,Truck_15T,65,938.5,0
2022,52,2022-W52,HN-HCM,Container_30T,47,1331.3,0
2022,52,2022-W52,HCM-HN,Truck_15T,60,850.4,0
2022,52,2022-W52,HCM-HN,Container_30T,42,1194.7,0
2023,1,2023-W01,HN-HCM,Truck_15T,67,939.1,0
2023,1,2023-W01,HN-HCM,Container_30T,52,1477.2,0
2023,1,2023-W01,HCM-HN,Truck_15T,66,932.0,0
2023,1,2023-W01,HCM-HN,Container_30T,46,1317.9,0
2023,2,2023-W02,HN-HCM,Truck_15T,66,943.3,0
2023,2,2023-W02,HN-HCM,Container_30T,50,1451.3,0
2023,2,2023-W02,HCM-HN,Truck_15T,61,863.2,0
2023,2,2023-W02,HCM-HN,Container_30T,44,1278.9,0
2023,3,2023-W03,HN-HCM,Truck_15T,17,242.3,1
2023,3,2023-W03,HN-HCM,Container_30T,12,345.4,1
2023,3,2023-W03,HCM-HN,Truck_15T,15,216.4,1
2023,3,2023-W03,HCM-HN,Container_30T,11,309.6,1
2023,4,2023-W04,HN-HCM,Truck_15T,16,226.9,1
2023,4,2023-W04,HN-HCM,Container_30T,13,364.1,1
2023,4,2023-W04,HCM-HN,Truck_15T,16,226.8,1
2023,4,2023-W04,HCM-HN,Container_30T,11,312.8,1
2023,5,2023-W05,HN-HCM,Truck_15T,68,967.9,0
2023,5,2023-W05,HN-HCM,Container_30T,50,1406.9,0
2023,5,2023-W05,HCM-HN,Truck_15T,66,953.9,0
2023,5,2023-W05,HCM-HN,Container_30T,45,1270.7,0
2023,6,2023-W06,HN-HCM,Truck_15T,70,990.4,0
2023,6,2023-W06,HN-HCM,Container_30T,49,1377.3,0
2023,6,2023-W06,HCM-HN,Truck_15T,65,928.9,0
2023,6,2023-W06,HCM-HN,Container_30T,44,1240.1,0
2023,7,2023-W07,HN-HCM,Truck_15T,67,957.9,0
2023,7,2023-W07,HN-HCM,Container_30T,49,1374.4,0
2023,7,2023-W07,HCM-HN,Truck_15T,65,911.1,0
2023,7,2023-W07,HCM-HN,Container_30T,47,1325.5,0
2023,8,2023-W08,HN-HCM,Truck_15T,66,927.6,0
2023,8,2023-W08,HN-HCM,Container_30T,53,1532.0,0
2023,8,2023-W08,HCM-HN,Truck_15T,65,919.2,0
2023,8,2023-W08,HCM-HN,Container_30T,47,1323.7,0
2023,9,2023-W09,HN-HCM,Truck_15T,68,980.9,0
2023,9,2023-W09,HN-HCM,Container_30T,49,1373.3,0
2023,9,2023-W09,HCM-HN,Truck_15T,61,849.8,0
2023,9,2023-W09,HCM-HN,Container_30T,44,1258.2,0
2023,10,2023-W10,HN-HCM,Truck_15T,69,995.2,0
2023,10,2023-W10,HN-HCM,Container_30T,53,1500.9,0
2023,10,2023-W10,HCM-HN,Truck_15T,62,876.2,0
2023,10,2023-W10,HCM-HN,Container_30T,46,1298.8,0
2023,11,2023-W11,HN-HCM,Truck_15T,70,990.4,0
2023,11,2023-W11,HN-HCM,Container_30T,52,1478.2,0
2023,11,2023-W11,HCM-HN,Truck_15T,62,896.2,0
2023,11,2023-W11,HCM-HN,Container_30T,47,1320.2,0
2023,12,2023-W12,HN-HCM,Truck_15T,72,1021.9,0
2023,12,2023-W12,HN-HCM,Container_30T,54,1557.5,0
2023,12,2023-W12,HCM-HN,Truck_15T,63,877.5,0
2023,12,2023-W12,HCM-HN,Container_30T,45,1284.6,0
2023,13,2023-W13,HN-HCM,Truck_15T,70,984.4,0
2023,13,2023-W13,HN-HCM,Container_30T,50,1444.1,0
2023,13,2023-W13,HCM-HN,Truck_15T,66,938.2,0
2023,13,2023-W13,HCM-HN,Container_30T,44,1242.6,0
2023,14,2023-W14,HN-HCM,Truck_15T,66,952.7,0
2023,14,2023-W14,HN-HCM,Container_30T,50,1429.4,0
2023,14,2023-W14,HCM-HN,Truck_15T,62,882.3,0
2023,14,2023-W14,HCM-HN,Container_30T,47,1357.2,0
2023,15,2023-W15,HN-HCM,Truck_15T,67,932.8,0
2023,15,2023-W15,HN-HCM,Container_30T,50,1447.8,0
2023,15,2023-W15,HCM-HN,Truck_15T,66,940.9,0
2023,15,2023-W15,HCM-HN,Container_30T,46,1319.7,0
2023,16,2023-W16,HN-HCM,Truck_15T,67,967.2,0
2023,16,2023-W16,HN-HCM,Container_30T,51,1446.7,0
2023,16,2023-W16,HCM-HN,Truck_15T,63,878.4,0
2023,16,2023-W16,HCM-HN,Container_30T,44,1265.9,0
2023,17,2023-W17,HN-HCM,Truck_15T,66,941.1,0
2023,17,2023-W17,HN-HCM,Container_30T,50,1418.7,0
2023,17,2023-W17,HCM-HN,Truck_15T,62,875.3,0
2023,17,2023-W17,HCM-HN,Container_30T,47,1328.6,0
2023,18,2023-W18,HN-HCM,Truck_15T,73,1035.6,0
2023,18,2023-W18,HN-HCM,Container_30T,55,1594.9,0
2023,18,2023-W18,HCM-HN,Truck_15T,94,1319.6,1
2023,18,2023-W18,HCM-HN,Container_30T,64,1806.7,1
2023,19,2023-W19,HN-HCM,Truck_15T,73,1018.0,0
2023,19,2023-W19,HN-HCM,Container_30T,54,1545.0,0
2023,19,2023-W19,HCM-HN,Truck_15T,90,1291.8,1
2023,19,2023-W19,HCM-HN,Container_30T,64,1793.0,1
2023,20,2023-W20,HN-HCM,Truck_15T,74,1050.6,0
2023,20,2023-W20,HN-HCM,Container_30T,55,1563.4,0
2023,20,2023-W20,HCM-HN,Truck_15T,90,1294.3,1
2023,20,2023-W20,HCM-HN,Container_30T,69,1981.8,1
2023,21,2023-W21,HN-HCM,Truck_15T,71,1011.8,0
2023,21,2023-W21,HN-HCM,Container_30T,54,1513.9,0
2023,21,2023-W21,HCM-HN,Truck_15T,96,1343.4,1
2023,21,2023-W21,HCM-HN,Container_30T,70,1990.7,1
2023,22,2023-W22,HN-HCM,Truck_15T,70,995.7,0
2023,22,2023-W22,HN-HCM,Container_30T,56,1610.8,0
2023,22,2023-W22,HCM-HN,Truck_15T,95,1357.6,1
2023,22,2023-W22,HCM-HN,Container_30T,68,1965.1,1
2023,23,2023-W23,HN-HCM,Truck_15T,71,1007.8,0
2023,23,2023-W23,HN-HCM,Container_30T,53,1540.0,0
2023,23,2023-W23,HCM-HN,Truck_15T,96,1338.1,1
2023,23,2023-W23,HCM-HN,Container_30T,68,1971.0,1
2023,24,2023-W24,HN-HCM,Truck_15T,70,996.7,0
2023,24,2023-W24,HN-HCM,Container_30T,57,1594.2,0
2023,24,2023-W24,HCM-HN,Truck_15T,94,1324.0,1
2023,24,2023-W24,HCM-HN,Container_30T,70,2032.6,1
2023,25,2023-W25,HN-HCM,Truck_15T,72,1021.3,0
2023,25,2023-W25,HN-HCM,Container_30T,54,1560.2,0
2023,25,2023-W25,HCM-HN,Truck_15T,62,892.0,0
2023,25,2023-W25,HCM-HN,Container_30T,44,1258.8,0
2023,26,2023-W26,HN-HCM,Truck_15T,67,937.0,0
2023,26,2023-W26,HN-HCM,Container_30T,49,1407.5,0
2023,26,2023-W26,HCM-HN,Truck_15T,62,888.3,0
2023,26,2023-W26,HCM-HN,Container_30T,44,1244.7,0
2023,27,2023-W27,HN-HCM,Truck_15T,69,991.2,0
2023,27,2023-W27,HN-HCM,Container_30T,51,1460.8,0
2023,27,2023-W27,HCM-HN,Truck_15T,66,941.5,0
2023,27,2023-W27,HCM-HN,Container_30T,45,1258.1,0
2023,28,2023-W28,HN-HCM,Truck_15T,72,1002.8,0
2023,28,2023-W28,HN-HCM,Container_30T,54,1540.8,0
2023,28,2023-W28,HCM-HN,Truck_15T,66,948.4,0
2023,28,2023-W28,HCM-HN,Container_30T,48,1359.8,0
2023,29,2023-W29,HN-HCM,Truck_15T,71,1004.2,0
2023,29,2023-W29,HN-HCM,Container_30T,52,1489.6,0
2023,29,2023-W29,HCM-HN,Truck_15T,66,955.3,0
2023,29,2023-W29,HCM-HN,Container_30T,47,1335.1,0
2023,30,2023-W30,HN-HCM,Truck_15T,69,989.1,0
2023,30,2023-W30,HN-HCM,Container_30T,50,1402.8,0
2023,30,2023-W30,HCM-HN,Truck_15T,62,872.9,0
2023,30,2023-W30,HCM-HN,Container_30T,45,1268.8,0
2023,31,2023-W31,HN-HCM,Truck_15T,66,919.1,0
2023,31,2023-W31,HN-HCM,Container_30T,54,1534.6,0
2023,31,2023-W31,HCM-HN,Truck_15T,63,901.0,0
2023,31,2023-W31,HCM-HN,Container_30T,45,1305.6,0
2023,32,2023-W32,HN-HCM,Truck_15T,71,991.6,0
2023,32,2023-W32,HN-HCM,Container_30T,51,1475.5,0
2023,32,2023-W32,HCM-HN,Truck_15T,66,936.0,0
2023,32,2023-W32,HCM-HN,Container_30T,46,1293.5,0
2023,33,2023-W33,HN-HCM,Truck_15T,73,1025.5,0
2023,33,2023-W33,HN-HCM,Container_30T,54,1548.2,0
2023,33,2023-W33,HCM-HN,Truck_15T,64,909.3,0
2023,33,2023-W33,HCM-HN,Container_30T,45,1265.9,0
2023,34,2023-W34,HN-HCM,Truck_15T,67,939.5,0
2023,34,2023-W34,HN-HCM,Container_30T,53,1501.4,0
2023,34,2023-W34,HCM-HN,Truck_15T,60,868.0,0
2023,34,2023-W34,HCM-HN,Container_30T,48,1391.4,0
2023,35,2023-W35,HN-HCM,Truck_15T,73,1023.1,0
2023,35,2023-W35,HN-HCM,Container_30T,51,1468.5,0
2023,35,2023-W35,HCM-HN,Truck_15T,65,910.2,0
2023,35,2023-W35,HCM-HN,Container_30T,47,1324.7,0
2023,36,2023-W36,HN-HCM,Truck_15T,67,952.8,0
2023,36,2023-W36,HN-HCM,Container_30T,52,1486.7,0
2023,36,2023-W36,HCM-HN,Truck_15T,61,879.3,0
2023,36,2023-W36,HCM-HN,Container_30T,45,1263.5,0
2023,37,2023-W37,HN-HCM,Truck_15T,72,1041.0,0
2023,37,2023-W37,HN-HCM,Container_30T,54,1558.1,0
2023,37,2023-W37,HCM-HN,Truck_15T,64,910.6,0
2023,37,2023-W37,HCM-HN,Container_30T,44,1249.4,0
2023,38,2023-W38,HN-HCM,Truck_15T,68,956.3,0
2023,38,2023-W38,HN-HCM,Container_30T,53,1510.3,0
2023,38,2023-W38,HCM-HN,Truck_15T,61,856.5,0
2023,38,2023-W38,HCM-HN,Container_30T,47,1316.8,0
2023,39,2023-W39,HN-HCM,Truck_15T,72,1022.2,0
2023,39,2023-W39,HN-HCM,Container_30T,52,1487.5,0
2023,39,2023-W39,HCM-HN,Truck_15T,65,917.4,0
2023,39,2023-W39,HCM-HN,Container_30T,47,1343.0,0
2023,40,2023-W40,HN-HCM,Truck_15T,91,1311.8,0
2023,40,2023-W40,HN-HCM,Container_30T,72,2065.0,0
2023,40,2023-W40,HCM-HN,Truck_15T,89,1282.4,0
2023,40,2023-W40,HCM-HN,Container_30T,63,1819.7,0
2023,41,2023-W41,HN-HCM,Truck_15T,95,1358.7,0
2023,41,2023-W41,HN-HCM,Container_30T,71,2044.0,0
2023,41,2023-W41,HCM-HN,Truck_15T,83,1196.6,0
2023,41,2023-W41,HCM-HN,Container_30T,64,1789.7,0
2023,42,2023-W42,HN-HCM,Truck_15T,97,1357.0,0
2023,42,2023-W42,HN-HCM,Container_30T,69,1985.7,0
2023,42,2023-W42,HCM-HN,Truck_15T,83,1193.6,0
2023,42,2023-W42,HCM-HN,Container_30T,64,1824.5,0
2023,43,2023-W43,HN-HCM,Truck_15T,89,1253.0,0
2023,43,2023-W43,HN-HCM,Container_30T,71,2062.4,0
2023,43,2023-W43,HCM-HN,Truck_15T,87,1223.5,0
2023,43,2023-W43,HCM-HN,Container_30T,63,1798.4,0
2023,44,2023-W44,HN-HCM,Truck_15T,96,1341.8,0
2023,44,2023-W44,HN-HCM,Container_30T,72,2055.4,0
2023,44,2023-W44,HCM-HN,Truck_15T,90,1269.9,0
2023,44,2023-W44,HCM-HN,Container_30T,63,1826.5,0
2023,45,2023-W45,HN-HCM,Truck_15T,90,1300.4,1
2023,45,2023-W45,HN-HCM,Container_30T,71,1988.5,1
2023,45,2023-W45,HCM-HN,Truck_15T,84,1202.7,1
2023,45,2023-W45,HCM-HN,Container_30T,59,1687.0,1
2023,46,2023-W46,HN-HCM,Truck_15T,92,1312.7,1
2023,46,2023-W46,HN-HCM,Container_30T,67,1937.9,1
2023,46,2023-W46,HCM-HN,Truck_15T,90,1302.0,1
2023,46,2023-W46,HCM-HN,Container_30T,64,1797.0,1
2023,47,2023-W47,HN-HCM,Truck_15T,96,1337.3,1
2023,47,2023-W47,HN-HCM,Container_30T,67,1896.0,1
2023,47,2023-W47,HCM-HN,Truck_15T,86,1234.4,1
2023,47,2023-W47,HCM-HN,Container_30T,63,1791.6,1
2023,48,2023-W48,HN-HCM,Truck_15T,91,1317.9,1
2023,48,2023-W48,HN-HCM,Container_30T,69,1962.7,1
2023,48,2023-W48,HCM-HN,Truck_15T,83,1192.5,1
2023,48,2023-W48,HCM-HN,Container_30T,63,1775.4,1
2023,49,2023-W49,HN-HCM,Truck_15T,90,1287.2,1
2023,49,2023-W49,HN-HCM,Container_30T,71,2005.1,1
2023,49,2023-W49,HCM-HN,Truck_15T,90,1260.2,1
2023,49,2023-W49,HCM-HN,Container_30T,62,1798.4,1
2023,50,2023-W50,HN-HCM,Truck_15T,93,1327.9,1
2023,50,2023-W50,HN-HCM,Container_30T,69,1948.7,1
2023,50,2023-W50,HCM-HN,Truck_15T,90,1273.4,1
2023,50,2023-W50,HCM-HN,Container_30T,65,1832.5,1
2023,51,2023-W51,HN-HCM,Truck_15T,91,1268.0,1
2023,51,2023-W51,HN-HCM,Container_30T,71,2012.9,1
2023,51,2023-W51,HCM-HN,Truck_15T,89,1262.4,1
2023,51,2023-W51,HCM-HN,Container_30T,65,1829.2,1
2023,52,2023-W52,HN-HCM,Truck_15T,72,1033.7,0
2023,52,2023-W52,HN-HCM,Container_30T,53,1531.3,0
2023,52,2023-W52,HCM-HN,Truck_15T,65,927.7,0
2023,52,2023-W52,HCM-HN,Container_30T,44,1230.6,0
2024,1,2024-W01,HN-HCM,Truck_15T,77,1098.5,0
2024,1,2024-W01,HN-HCM,Container_30T,57,1623.3,0
2024,1,2024-W01,HCM-HN,Truck_15T,65,909.2,0
2024,1,2024-W01,HCM-HN,Container_30T,50,1421.0,0
2024,2,2024-W02,HN-HCM,Truck_15T,72,1022.1,0
2024,2,2024-W02,HN-HCM,Container_30T,53,1515.5,0
2024,2,2024-W02,HCM-HN,Truck_15T,66,948.4,0
2024,2,2024-W02,HCM-HN,Container_30T,48,1365.5,0
2024,3,2024-W03,HN-HCM,Truck_15T,70,977.0,0
2024,3,2024-W03,HN-HCM,Container_30T,55,1566.2,0
2024,3,2024-W03,HCM-HN,Truck_15T,68,957.6,0
2024,3,2024-W03,HCM-HN,Container_30T,50,1445.5,0
2024,4,2024-W04,HN-HCM,Truck_15T,76,1059.3,0
2024,4,2024-W04,HN-HCM,Container_30T,55,1542.7,0
2024,4,2024-W04,HCM-HN,Truck_15T,66,955.4,0
2024,4,2024-W04,HCM-HN,Container_30T,47,1339.4,0
2024,5,2024-W05,HN-HCM,Truck_15T,75,1073.6,0
2024,5,2024-W05,HN-HCM,Container_30T,56,1564.7,0
2024,5,2024-W05,HCM-HN,Truck_15T,67,952.1,0
2024,5,2024-W05,HCM-HN,Container_30T,47,1331.5,0
2024,6,2024-W06,HN-HCM,Truck_15T,17,237.3,1
2024,6,2024-W06,HN-HCM,Container_30T,13,365.1,1
2024,6,2024-W06,HCM-HN,Truck_15T,17,243.2,1
2024,6,2024-W06,HCM-HN,Container_30T,12,337.9,1
2024,7,2024-W07,HN-HCM,Truck_15T,71,992.3,0
2024,7,2024-W07,HN-HCM,Container_30T,56,1609.2,0
2024,7,2024-W07,HCM-HN,Truck_15T,65,939.1,0
2024,7,2024-W07,HCM-HN,Container_30T,47,1341.7,0
2024,8,2024-W08,HN-HCM,Truck_15T,75,1080.8,0
2024,8,2024-W08,HN-HCM,Container_30T,56,1615.3,0
2024,8,2024-W08,HCM-HN,Truck_15T,67,963.4,0
2024,8,2024-W08,HCM-HN,Container_30T,47,1360.7,0
2024,9,2024-W09,HN-HCM,Truck_15T,74,1064.1,0
2024,9,2024-W09,HN-HCM,Container_30T,55,1576.5,0
2024,9,2024-W09,HCM-HN,Truck_15T,68,974.5,0
2024,9,2024-W09,HCM-HN,Container_30T,47,1315.9,0
2024,10,2024-W10,HN-HCM,Truck_15T,72,1008.5,0
2024,10,2024-W10,HN-HCM,Container_30T,57,1606.3,0
2024,10,2024-W10,HCM-HN,Truck_15T,71,1001.6,0
2024,10,2024-W10,HCM-HN,Container_30T,48,1383.9,0
2024,11,2024-W11,HN-HCM,Truck_15T,75,1064.9,0
2024,11,2024-W11,HN-HCM,Container_30T,56,1610.0,0
2024,11,2024-W11,HCM-HN,Truck_15T,66,955.8,0
2024,11,2024-W11,HCM-HN,Container_30T,51,1462.2,0
2024,12,2024-W12,HN-HCM,Truck_15T,72,1029.8,0
2024,12,2024-W12,HN-HCM,Container_30T,53,1482.1,0
2024,12,2024-W12,HCM-HN,Truck_15T,66,935.8,0
2024,12,2024-W12,HCM-HN,Container_30T,51,1466.7,0
2024,13,2024-W13,HN-HCM,Truck_15T,76,1076.0,0
2024,13,2024-W13,HN-HCM,Container_30T,54,1531.1,0
2024,13,2024-W13,HCM-HN,Truck_15T,71,989.7,0
2024,13,2024-W13,HCM-HN,Container_30T,51,1458.1,0
2024,14,2024-W14,HN-HCM,Truck_15T,73,1045.9,0
2024,14,2024-W14,HN-HCM,Container_30T,55,1590.9,0
2024,14,2024-W14,HCM-HN,Truck_15T,70,990.9,0
2024,14,2024-W14,HCM-HN,Container_30T,48,1373.1,0
2024,15,2024-W15,HN-HCM,Truck_15T,77,1080.7,0
2024,15,2024-W15,HN-HCM,Container_30T,56,1604.4,0
2024,15,2024-W15,HCM-HN,Truck_15T,69,965.4,0
2024,15,2024-W15,HCM-HN,Container_30T,50,1448.3,0
2024,16,2024-W16,HN-HCM,Truck_15T,72,1011.7,0
2024,16,2024-W16,HN-HCM,Container_30T,58,1631.9,0
2024,16,2024-W16,HCM-HN,Truck_15T,70,993.7,0
2024,16,2024-W16,HCM-HN,Container_30T,48,1388.3,0
2024,17,2024-W17,HN-HCM,Truck_15T,73,1037.2,0
2024,17,2024-W17,HN-HCM,Container_30T,55,1573.3,0
2024,17,2024-W17,HCM-HN,Truck_15T,65,919.0,0
2024,17,2024-W17,HCM-HN,Container_30T,51,1439.4,0
2024,18,2024-W18,HN-HCM,Truck_15T,79,1114.0,0
2024,18,2024-W18,HN-HCM,Container_30T,60,1684.8,0
2024,18,2024-W18,HCM-HN,Truck_15T,103,1459.9,1
2024,18,2024-W18,HCM-HN,Container_30T,70,1961.0,1
2024,19,2024-W19,HN-HCM,Truck_15T,75,1065.8,0
2024,19,2024-W19,HN-HCM,Container_30T,57,1645.9,0
2024,19,2024-W19,HCM-HN,Truck_15T,98,1377.6,1
2024,19,2024-W19,HCM-HN,Container_30T,72,2069.0,1
2024,20,2024-W20,HN-HCM,Truck_15T,75,1050.8,0
2024,20,2024-W20,HN-HCM,Container_30T,55,1582.3,0
2024,20,2024-W20,HCM-HN,Truck_15T,100,1418.6,1
2024,20,2024-W20,HCM-HN,Container_30T,74,2134.8,1
2024,21,2024-W21,HN-HCM,Truck_15T,78,1123.9,0
2024,21,2024-W21,HN-HCM,Container_30T,56,1571.2,0
2024,21,2024-W21,HCM-HN,Truck_15T,96,1339.0,1
2024,21,2024-W21,HCM-HN,Container_30T,72,2087.8,1
2024,22,2024-W22,HN-HCM,Truck_15T,74,1034.9,0
2024,22,2024-W22,HN-HCM,Container_30T,58,1681.7,0
2024,22,2024-W22,HCM-HN,Truck_15T,97,1377.8,1
2024,22,2024-W22,HCM-HN,Container_30T,68,1910.7,1
2024,23,2024-W23,HN-HCM,Truck_15T,81,1171.6,0
2024,23,2024-W23,HN-HCM,Container_30T,55,1595.8,0
2024,23,2024-W23,HCM-HN,Truck_15T,100,1440.9,1
2024,23,2024-W23,HCM-HN,Container_30T,71,2024.8,1
2024,24,2024-W24,HN-HCM,Truck_15T,78,1115.0,0
2024,24,2024-W24,HN-HCM,Container_30T,56,1566.0,0
2024,24,2024-W24,HCM-HN,Truck_15T,96,1374.4,1
2024,24,2024-W24,HCM-HN,Container_30T,69,1980.1,1
2024,25,2024-W25,HN-HCM,Truck_15T,77,1075.6,0
2024,25,2024-W25,HN-HCM,Container_30T,56,1592.4,0
2024,25,2024-W25,HCM-HN,Truck_15T,70,981.2,0
2024,25,2024-W25,HCM-HN,Container_30T,50,1444.3,0
2024,26,2024-W26,HN-HCM,Truck_15T,77,1101.4,0
2024,26,2024-W26,HN-HCM,Container_30T,55,1574.9,0
2024,26,2024-W26,HCM-HN,Truck_15T,70,996.8,0
2024,26,2024-W26,HCM-HN,Container_30T,47,1362.6,0
2024,27,2024-W27,HN-HCM,Truck_15T,75,1072.5,0
2024,27,2024-W27,HN-HCM,Container_30T,54,1548.8,0
2024,27,2024-W27,HCM-HN,Truck_15T,67,957.2,0
2024,27,2024-W27,HCM-HN,Container_30T,47,1348.0,0
2024,28,2024-W28,HN-HCM,Truck_15T,78,1087.6,0
2024,28,2024-W28,HN-HCM,Container_30T,58,1646.8,0
2024,28,2024-W28,HCM-HN,Truck_15T,70,1005.2,0
2024,28,2024-W28,HCM-HN,Container_30T,49,1409.8,0
2024,29,2024-W29,HN-HCM,Truck_15T,77,1089.2,0
2024,29,2024-W29,HN-HCM,Container_30T,54,1549.3,0
2024,29,2024-W29,HCM-HN,Truck_15T,70,1004.4,0
2024,29,2024-W29,HCM-HN,Container_30T,51,1449.8,0
2024,30,2024-W30,HN-HCM,Truck_15T,76,1062.8,0
2024,30,2024-W30,HN-HCM,Container_30T,56,1564.4,0
2024,30,2024-W30,HCM-HN,Truck_15T,67,946.3,0
2024,30,2024-W30,HCM-HN,Container_30T,49,1407.4,0
2024,31,2024-W31,HN-HCM,Truck_15T,73,1034.5,0
2024,31,2024-W31,HN-HCM,Container_30T,54,1531.2,0
2024,31,2024-W31,HCM-HN,Truck_15T,66,921.2,0
2024,31,2024-W31,HCM-HN,Container_30T,50,1434.6,0
2024,32,2024-W32,HN-HCM,Truck_15T,75,1063.4,0
2024,32,2024-W32,HN-HCM,Container_30T,55,1590.3,0
2024,32,2024-W32,HCM-HN,Truck_15T,68,964.8,0
2024,32,2024-W32,HCM-HN,Container_30T,47,1331.0,0
2024,33,2024-W33,HN-HCM,Truck_15T,73,1032.4,0
2024,33,2024-W33,HN-HCM,Container_30T,56,1598.1,0
2024,33,2024-W33,HCM-HN,Truck_15T,68,975.8,0
2024,33,2024-W33,HCM-HN,Container_30T,51,1466.2,0
2024,34,2024-W34,HN-HCM,Truck_15T,77,1072.3,0
2024,34,2024-W34,HN-HCM,Container_30T,54,1508.7,0
2024,34,2024-W34,HCM-HN,Truck_15T,69,995.4,0
2024,34,2024-W34,HCM-HN,Container_30T,48,1391.4,0
2024,35,2024-W35,HN-HCM,Truck_15T,71,1025.7,0
2024,35,2024-W35,HN-HCM,Container_30T,54,1514.5,0
2024,35,2024-W35,HCM-HN,Truck_15T,68,956.2,0
2024,35,2024-W35,HCM-HN,Container_30T,48,1357.5,0
2024,36,2024-W36,HN-HCM,Truck_15T,76,1080.9,0
2024,36,2024-W36,HN-HCM,Container_30T,54,1545.8,0
2024,36,2024-W36,HCM-HN,Truck_15T,69,970.9,0
2024,36,2024-W36,HCM-HN,Container_30T,49,1375.4,0
2024,37,2024-W37,HN-HCM,Truck_15T,72,1029.8,0
2024,37,2024-W37,HN-HCM,Container_30T,54,1540.5,0
2024,37,2024-W37,HCM-HN,Truck_15T,69,964.4,0
2024,37,2024-W37,HCM-HN,Container_30T,49,1382.9,0
2024,38,2024-W38,HN-HCM,Truck_15T,77,1092.7,0
2024,38,2024-W38,HN-HCM,Container_30T,57,1627.8,0
2024,38,2024-W38,HCM-HN,Truck_15T,65,927.9,0
2024,38,2024-W38,HCM-HN,Container_30T,51,1459.4,0
2024,39,2024-W39,HN-HCM,Truck_15T,76,1095.8,0
2024,39,2024-W39,HN-HCM,Container_30T,54,1521.3,0
2024,39,2024-W39,HCM-HN,Truck_15T,68,962.2,0
2024,39,2024-W39,HCM-HN,Container_30T,51,1476.8,0
2024,40,2024-W40,HN-HCM,Truck_15T,98,1377.0,0
2024,40,2024-W40,HN-HCM,Container_30T,77,2174.7,0
2024,40,2024-W40,HCM-HN,Truck_15T,95,1344.9,0
2024,40,2024-W40,HCM-HN,Container_30T,68,1906.6,0
2024,41,2024-W41,HN-HCM,Truck_15T,101,1431.4,0
2024,41,2024-W41,HN-HCM,Container_30T,75,2109.1,0
2024,41,2024-W41,HCM-HN,Truck_15T,94,1354.2,0
2024,41,2024-W41,HCM-HN,Container_30T,65,1822.5,0
2024,42,2024-W42,HN-HCM,Truck_15T,95,1356.7,0
2024,42,2024-W42,HN-HCM,Container_30T,76,2170.0,0
2024,42,2024-W42,HCM-HN,Truck_15T,89,1258.3,0
2024,42,2024-W42,HCM-HN,Container_30T,67,1909.3,0
2024,43,2024-W43,HN-HCM,Truck_15T,105,1469.3,0
2024,43,2024-W43,HN-HCM,Container_30T,76,2157.7,0
2024,43,2024-W43,HCM-HN,Truck_15T,91,1303.4,0
2024,43,2024-W43,HCM-HN,Container_30T,68,1976.1,0
2024,44,2024-W44,HN-HCM,Truck_15T,96,1341.6,0
2024,44,2024-W44,HN-HCM,Container_30T,77,2201.4,0
2024,44,2024-W44,HCM-HN,Truck_15T,89,1242.5,0
2024,44,2024-W44,HCM-HN,Container_30T,64,1852.8,0
2024,45,2024-W45,HN-HCM,Truck_15T,97,1367.7,1
2024,45,2024-W45,HN-HCM,Container_30T,73,2068.4,1
2024,45,2024-W45,HCM-HN,Truck_15T,88,1250.6,1
2024,45,2024-W45,HCM-HN,Container_30T,64,1845.9,1
2024,46,2024-W46,HN-HCM,Truck_15T,97,1379.6,1
2024,46,2024-W46,HN-HCM,Container_30T,78,2236.4,1
2024,46,2024-W46,HCM-HN,Truck_15T,92,1297.2,1
2024,46,2024-W46,HCM-HN,Container_30T,65,1865.1,1
2024,47,2024-W47,HN-HCM,Truck_15T,105,1500.7,1
2024,47,2024-W47,HN-HCM,Container_30T,75,2157.2,1
2024,47,2024-W47,HCM-HN,Truck_15T,91,1269.5,1
2024,47,2024-W47,HCM-HN,Container_30T,67,1944.5,1
2024,48,2024-W48,HN-HCM,Truck_15T,97,1387.9,1
2024,48,2024-W48,HN-HCM,Container_30T,73,2083.5,1
2024,48,2024-W48,HCM-HN,Truck_15T,88,1247.1,1
2024,48,2024-W48,HCM-HN,Container_30T,68,1926.2,1
2024,49,2024-W49,HN-HCM,Truck_15T,102,1465.5,1
2024,49,2024-W49,HN-HCM,Container_30T,78,2199.4,1
2024,49,2024-W49,HCM-HN,Truck_15T,91,1274.2,1
2024,49,2024-W49,HCM-HN,Container_30T,70,2029.1,1
2024,50,2024-W50,HN-HCM,Truck_15T,100,1439.4,1
2024,50,2024-W50,HN-HCM,Container_30T,75,2148.1,1
2024,50,2024-W50,HCM-HN,Truck_15T,88,1262.4,1
2024,50,2024-W50,HCM-HN,Container_30T,64,1847.8,1
2024,51,2024-W51,HN-HCM,Truck_15T,103,1474.8,1
2024,51,2024-W51,HN-HCM,Container_30T,71,2007.6,1
2024,51,2024-W51,HCM-HN,Truck_15T,89,1256.7,1
2024,51,2024-W51,HCM-HN,Container_30T,64,1855.9,1
2024,52,2024-W52,HN-HCM,Truck_15T,74,1042.6,0
2024,52,2024-W52,HN-HCM,Container_30T,55,1564.2,0
2024,52,2024-W52,HCM-HN,Truck_15T,68,966.2,0
2024,52,2024-W52,HCM-HN,Container_30T,51,1453.3,0
2025,1,2025-W01,HN-HCM,Truck_15T,83,1195.2,0
2025,1,2025-W01,HN-HCM,Container_30T,57,1652.5,0
2025,1,2025-W01,HCM-HN,Truck_15T,69,992.2,0
2025,1,2025-W01,HCM-HN,Container_30T,52,1504.4,0
2025,2,2025-W02,HN-HCM,Truck_15T,82,1178.6,0
2025,2,2025-W02,HN-HCM,Container_30T,61,1724.9,0
2025,2,2025-W02,HCM-HN,Truck_15T,69,976.0,0
2025,2,2025-W02,HCM-HN,Container_30T,51,1464.8,0
2025,3,2025-W03,HN-HCM,Truck_15T,77,1114.2,0
2025,3,2025-W03,HN-HCM,Container_30T,60,1732.1,0
2025,3,2025-W03,HCM-HN,Truck_15T,69,994.0,0
2025,3,2025-W03,HCM-HN,Container_30T,55,1566.7,0
2025,4,2025-W04,HN-HCM,Truck_15T,20,287.0,1
2025,4,2025-W04,HN-HCM,Container_30T,14,399.0,1
2025,4,2025-W04,HCM-HN,Truck_15T,17,238.0,1
2025,4,2025-W04,HCM-HN,Container_30T,13,364.1,1
2025,5,2025-W05,HN-HCM,Truck_15T,75,1049.5,0
2025,5,2025-W05,HN-HCM,Container_30T,62,1770.5,0
2025,5,2025-W05,HCM-HN,Truck_15T,75,1062.1,0
2025,5,2025-W05,HCM-HN,Container_30T,51,1453.9,0
2025,6,2025-W06,HN-HCM,Truck_15T,78,1090.1,0
2025,6,2025-W06,HN-HCM,Container_30T,60,1690.6,0
2025,6,2025-W06,HCM-HN,Truck_15T,73,1042.8,0
2025,6,2025-W06,HCM-HN,Container_30T,50,1400.0,0
2025,7,2025-W07,HN-HCM,Truck_15T,81,1148.4,0
2025,7,2025-W07,HN-HCM,Container_30T,56,1627.6,0
2025,7,2025-W07,HCM-HN,Truck_15T,69,987.4,0
2025,7,2025-W07,HCM-HN,Container_30T,55,1551.1,0
2025,8,2025-W08,HN-HCM,Truck_15T,76,1062.9,0
2025,8,2025-W08,HN-HCM,Container_30T,58,1626.6,0
2025,8,2025-W08,HCM-HN,Truck_15T,73,1018.5,0
2025,8,2025-W08,HCM-HN,Container_30T,52,1511.4,0
2025,9,2025-W09,HN-HCM,Truck_15T,81,1155.5,0
2025,9,2025-W09,HN-HCM,Container_30T,58,1661.2,0
2025,9,2025-W09,HCM-HN,Truck_15T,72,1019.4,0
2025,9,2025-W09,HCM-HN,Container_30T,50,1447.0,0
2025,10,2025-W10,HN-HCM,Truck_15T,78,1094.1,0
2025,10,2025-W10,HN-HCM,Container_30T,58,1647.3,0
2025,10,2025-W10,HCM-HN,Truck_15T,74,1060.6,0
2025,10,2025-W10,HCM-HN,Container_30T,54,1508.9,0
2025,11,2025-W11,HN-HCM,Truck_15T,78,1106.8,0
2025,11,2025-W11,HN-HCM,Container_30T,56,1580.7,0
2025,11,2025-W11,HCM-HN,Truck_15T,74,1035.5,0
2025,11,2025-W11,HCM-HN,Container_30T,52,1465.1,0
2025,12,2025-W12,HN-HCM,Truck_15T,75,1054.0,0
2025,12,2025-W12,HN-HCM,Container_30T,62,1788.3,0
2025,12,2025-W12,HCM-HN,Truck_15T,75,1064.5,0
2025,12,2025-W12,HCM-HN,Container_30T,50,1427.7,0
2025,13,2025-W13,HN-HCM,Truck_15T,78,1122.9,0
2025,13,2025-W13,HN-HCM,Container_30T,57,1623.7,0
2025,13,2025-W13,HCM-HN,Truck_15T,70,987.0,0
2025,13,2025-W13,HCM-HN,Container_30T,54,1537.5,0
2025,14,2025-W14,HN-HCM,Truck_15T,78,1102.9,0
2025,14,2025-W14,HN-HCM,Container_30T,59,1700.7,0
2025,14,2025-W14,HCM-HN,Truck_15T,75,1084.4,0
2025,14,2025-W14,HCM-HN,Container_30T,54,1527.6,0
2025,15,2025-W15,HN-HCM,Truck_15T,80,1133.2,0
2025,15,2025-W15,HN-HCM,Container_30T,57,1646.6,0
2025,15,2025-W15,HCM-HN,Truck_15T,69,995.5,0
2025,15,2025-W15,HCM-HN,Container_30T,52,1490.1,0
2025,16,2025-W16,HN-HCM,Truck_15T,80,1154.0,0
2025,16,2025-W16,HN-HCM,Container_30T,60,1717.8,0
2025,16,2025-W16,HCM-HN,Truck_15T,69,980.5,0
2025,16,2025-W16,HCM-HN,Container_30T,50,1438.5,0
2025,17,2025-W17,HN-HCM,Truck_15T,79,1129.9,0
2025,17,2025-W17,HN-HCM,Container_30T,56,1569.5,0
2025,17,2025-W17,HCM-HN,Truck_15T,74,1032.8,0
2025,17,2025-W17,HCM-HN,Container_30T,50,1397.2,0
2025,18,2025-W18,HN-HCM,Truck_15T,86,1232.8,0
2025,18,2025-W18,HN-HCM,Container_30T,61,1724.4,0
2025,18,2025-W18,HCM-HN,Truck_15T,103,1478.7,1
2025,18,2025-W18,HCM-HN,Container_30T,77,2166.9,1
2025,19,2025-W19,HN-HCM,Truck_15T,80,1117.8,0
2025,19,2025-W19,HN-HCM,Container_30T,63,1814.5,0
2025,19,2025-W19,HCM-HN,Truck_15T,102,1420.6,1
2025,19,2025-W19,HCM-HN,Container_30T,73,2119.4,1
2025,20,2025-W20,HN-HCM,Truck_15T,81,1162.6,0
2025,20,2025-W20,HN-HCM,Container_30T,63,1787.0,0
2025,20,2025-W20,HCM-HN,Truck_15T,102,1426.5,1
2025,20,2025-W20,HCM-HN,Container_30T,77,2218.6,1
2025,21,2025-W21,HN-HCM,Truck_15T,84,1194.2,0
2025,21,2025-W21,HN-HCM,Container_30T,59,1713.0,0
2025,21,2025-W21,HCM-HN,Truck_15T,108,1520.9,1
2025,21,2025-W21,HCM-HN,Container_30T,80,2289.3,1
2025,22,2025-W22,HN-HCM,Truck_15T,83,1190.3,0
2025,22,2025-W22,HN-HCM,Container_30T,64,1835.4,0
2025,22,2025-W22,HCM-HN,Truck_15T,101,1424.9,1
2025,22,2025-W22,HCM-HN,Container_30T,79,2226.7,1
2025,23,2025-W23,HN-HCM,Truck_15T,82,1161.2,0
2025,23,2025-W23,HN-HCM,Container_30T,61,1746.4,0
2025,23,2025-W23,HCM-HN,Truck_15T,109,1531.7,1
2025,23,2025-W23,HCM-HN,Container_30T,73,2055.3,1
2025,24,2025-W24,HN-HCM,Truck_15T,86,1228.3,0
2025,24,2025-W24,HN-HCM,Container_30T,61,1760.5,0
2025,24,2025-W24,HCM-HN,Truck_15T,109,1569.3,1
2025,24,2025-W24,HCM-HN,Container_30T,79,2229.2,1
2025,25,2025-W25,HN-HCM,Truck_15T,81,1148.4,0
2025,25,2025-W25,HN-HCM,Container_30T,61,1754.4,0
2025,25,2025-W25,HCM-HN,Truck_15T,74,1057.4,0
2025,25,2025-W25,HCM-HN,Container_30T,51,1456.1,0
2025,26,2025-W26,HN-HCM,Truck_15T,83,1199.2,0
2025,26,2025-W26,HN-HCM,Container_30T,56,1574.6,0
2025,26,2025-W26,HCM-HN,Truck_15T,69,988.7,0
2025,26,2025-W26,HCM-HN,Container_30T,54,1521.4,0
2025,27,2025-W27,HN-HCM,Truck_15T,79,1137.1,0
2025,27,2025-W27,HN-HCM,Container_30T,60,1712.9,0
2025,27,2025-W27,HCM-HN,Truck_15T,73,1036.9,0
2025,27,2025-W27,HCM-HN,Container_30T,51,1457.3,0
2025,28,2025-W28,HN-HCM,Truck_15T,80,1153.0,0
2025,28,2025-W28,HN-HCM,Container_30T,60,1727.9,0
2025,28,2025-W28,HCM-HN,Truck_15T,70,992.5,0
2025,28,2025-W28,HCM-HN,Container_30T,50,1410.6,0
2025,29,2025-W29,HN-HCM,Truck_15T,80,1158.3,0
2025,29,2025-W29,HN-HCM,Container_30T,57,1618.1,0
2025,29,2025-W29,HCM-HN,Truck_15T,74,1038.4,0
2025,29,2025-W29,HCM-HN,Container_30T,53,1524.6,0
2025,30,2025-W30,HN-HCM,Truck_15T,80,1121.8,0
2025,30,2025-W30,HN-HCM,Container_30T,58,1671.8,0
2025,30,2025-W30,HCM-HN,Truck_15T,72,1002.2,0
2025,30,2025-W30,HCM-HN,Container_30T,54,1510.4,0
2025,31,2025-W31,HN-HCM,Truck_15T,81,1136.5,0
2025,31,2025-W31,HN-HCM,Container_30T,62,1757.7,0
2025,31,2025-W31,HCM-HN,Truck_15T,71,994.0,0
2025,31,2025-W31,HCM-HN,Container_30T,51,1475.4,0
2025,32,2025-W32,HN-HCM,Truck_15T,83,1172.4,0
2025,32,2025-W32,HN-HCM,Container_30T,59,1696.4,0
2025,32,2025-W32,HCM-HN,Truck_15T,75,1069.0,0
2025,32,2025-W32,HCM-HN,Container_30T,52,1476.8,0
2025,33,2025-W33,HN-HCM,Truck_15T,80,1113.4,0
2025,33,2025-W33,HN-HCM,Container_30T,60,1700.1,0
2025,33,2025-W33,HCM-HN,Truck_15T,74,1033.7,0
2025,33,2025-W33,HCM-HN,Container_30T,53,1509.4,0
2025,34,2025-W34,HN-HCM,Truck_15T,80,1116.2,0
2025,34,2025-W34,HN-HCM,Container_30T,59,1685.6,0
2025,34,2025-W34,HCM-HN,Truck_15T,73,1040.9,0
2025,34,2025-W34,HCM-HN,Container_30T,53,1528.9,0
2025,35,2025-W35,HN-HCM,Truck_15T,77,1107.6,0
2025,35,2025-W35,HN-HCM,Container_30T,59,1653.1,0
2025,35,2025-W35,HCM-HN,Truck_15T,69,973.3,0
2025,35,2025-W35,HCM-HN,Container_30T,54,1551.8,0
2025,36,2025-W36,HN-HCM,Truck_15T,81,1151.0,0
2025,36,2025-W36,HN-HCM,Container_30T,59,1657.8,0
2025,36,2025-W36,HCM-HN,Truck_15T,71,1005.5,0
2025,36,2025-W36,HCM-HN,Container_30T,50,1409.1,0
2025,37,2025-W37,HN-HCM,Truck_15T,79,1132.4,0
2025,37,2025-W37,HN-HCM,Container_30T,62,1797.6,0
2025,37,2025-W37,HCM-HN,Truck_15T,73,1033.3,0
2025,37,2025-W37,HCM-HN,Container_30T,53,1527.8,0
2025,38,2025-W38,HN-HCM,Truck_15T,76,1075.3,0
2025,38,2025-W38,HN-HCM,Container_30T,61,1730.4,0
2025,38,2025-W38,HCM-HN,Truck_15T,73,1040.2,0
2025,38,2025-W38,HCM-HN,Container_30T,51,1445.5,0
2025,39,2025-W39,HN-HCM,Truck_15T,77,1072.7,0
2025,39,2025-W39,HN-HCM,Container_30T,56,1617.2,0
2025,39,2025-W39,HCM-HN,Truck_15T,70,994.7,0
2025,39,2025-W39,HCM-HN,Container_30T,51,1479.1,0
2025,40,2025-W40,HN-HCM,Truck_15T,104,1472.6,0
2025,40,2025-W40,HN-HCM,Container_30T,83,2397.9,0
2025,40,2025-W40,HCM-HN,Truck_15T,94,1351.0,0
2025,40,2025-W40,HCM-HN,Container_30T,70,1993.6,0
2025,41,2025-W41,HN-HCM,Truck_15T,103,1438.1,0
2025,41,2025-W41,HN-HCM,Container_30T,82,2336.7,0
2025,41,2025-W41,HCM-HN,Truck_15T,97,1390.0,0
2025,41,2025-W41,HCM-HN,Container_30T,73,2052.1,0
2025,42,2025-W42,HN-HCM,Truck_15T,108,1511.2,0
2025,42,2025-W42,HN-HCM,Container_30T,82,2351.7,0
2025,42,2025-W42,HCM-HN,Truck_15T,102,1423.4,0
2025,42,2025-W42,HCM-HN,Container_30T,68,1921.1,0
2025,43,2025-W43,HN-HCM,Truck_15T,104,1461.9,0
2025,43,2025-W43,HN-HCM,Container_30T,83,2341.8,0
2025,43,2025-W43,HCM-HN,Truck_15T,95,1363.0,0
2025,43,2025-W43,HCM-HN,Container_30T,70,2017.1,0
2025,44,2025-W44,HN-HCM,Truck_15T,102,1447.7,0
2025,44,2025-W44,HN-HCM,Container_30T,76,2128.1,0
2025,44,2025-W44,HCM-HN,Truck_15T,101,1413.5,0
2025,44,2025-W44,HCM-HN,Container_30T,71,2016.3,0
2025,45,2025-W45,HN-HCM,Truck_15T,105,1514.8,1
2025,45,2025-W45,HN-HCM,Container_30T,76,2180.2,1
2025,45,2025-W45,HCM-HN,Truck_15T,102,1451.9,1
2025,45,2025-W45,HCM-HN,Container_30T,74,2071.2,1
2025,46,2025-W46,HN-HCM,Truck_15T,106,1490.8,1
2025,46,2025-W46,HN-HCM,Container_30T,82,2382.0,1
2025,46,2025-W46,HCM-HN,Truck_15T,95,1357.3,1
2025,46,2025-W46,HCM-HN,Container_30T,69,1971.6,1
2025,47,2025-W47,HN-HCM,Truck_15T,106,1533.6,1
2025,47,2025-W47,HN-HCM,Container_30T,81,2294.6,1
2025,47,2025-W47,HCM-HN,Truck_15T,94,1316.2,1
2025,47,2025-W47,HCM-HN,Container_30T,69,1946.9,1
2025,48,2025-W48,HN-HCM,Truck_15T,110,1565.8,1
2025,48,2025-W48,HN-HCM,Container_30T,80,2244.9,1
2025,48,2025-W48,HCM-HN,Truck_15T,101,1447.0,1
2025,48,2025-W48,HCM-HN,Container_30T,68,1954.1,1
2025,49,2025-W49,HN-HCM,Truck_15T,107,1494.0,1
2025,49,2025-W49,HN-HCM,Container_30T,79,2250.1,1
2025,49,2025-W49,HCM-HN,Truck_15T,94,1358.6,1
2025,49,2025-W49,HCM-HN,Container_30T,73,2094.6,1
2025,50,2025-W50,HN-HCM,Truck_15T,106,1499.9,1
2025,50,2025-W50,HN-HCM,Container_30T,81,2312.7,1
2025,50,2025-W50,HCM-HN,Truck_15T,93,1321.3,1
2025,50,2025-W50,HCM-HN,Container_30T,73,2077.1,1
2025,51,2025-W51,HN-HCM,Truck_15T,102,1465.0,1
2025,51,2025-W51,HN-HCM,Container_30T,77,2173.3,1
2025,51,2025-W51,HCM-HN,Truck_15T,94,1325.7,1
2025,51,2025-W51,HCM-HN,Container_30T,73,2082.1,1
2025,52,2025-W52,HN-HCM,Truck_15T,76,1095.5,0
2025,52,2025-W52,HN-HCM,Container_30T,61,1764.3,0
2025,52,2025-W52,HCM-HN,Truck_15T,70,992.1,0
2025,52,2025-W52,HCM-HN,Container_30T,55,1584.6,0
